scenario,BAT_S36,BAT_M,k,c,theta,L_months,leak_per_mo,gamma,GPS_S36,mu60,mu72,mu78,sd60,sd72,sd78,loglik_counts,P_stall_80th_not_by_Aug11,HR_median,P_IA_continues,P_success_all,P_success_given_IA_cont
S0 no lag,0.12,10.8,0.93,0.57,0.3,1.1,0.0022,1.5,0.7,60.1,73.4,76.6,4.8,4.6,4.5,-7.1,0.59,0.176,0.0,1.0,nan
S0 no lag,0.16,12.1,0.89,0.63,0.31,2.5,0.0037,1.69,0.66,59.8,73.3,76.7,5.1,4.8,4.7,-7.07,0.56,0.254,0.03,1.0,1.0
S0 no lag,0.2,12.7,0.81,0.42,0.3,1.7,0.0058,1.51,0.62,59.7,73.4,77.0,5.2,5.0,4.9,-7.01,0.53,0.314,0.06,0.999,0.976
S0 no lag,0.25,15.1,0.8,0.52,0.39,3.9,0.0065,1.45,0.58,60.1,73.4,77.0,5.4,5.3,5.2,-7.03,0.52,0.43,0.39,0.94,0.848
S0 no lag,0.3,17.4,0.76,0.39,0.47,5.8,0.0071,1.51,0.53,60.0,73.1,76.8,5.5,5.4,5.3,-7.01,0.53,0.567,0.74,0.682,0.572
S0 no lag,0.35,20.0,0.71,0.26,0.74,6.0,0.0066,1.5,0.47,59.9,73.3,77.1,5.6,5.4,5.4,-7.02,0.5,0.737,0.92,0.263,0.202
S0 + holiday lag at 72,0.12,10.8,0.93,0.62,0.31,1.9,0.0022,1.91,0.68,59.9,73.1,76.7,4.9,4.6,4.5,-6.89,0.57,0.195,0.0,1.0,1.0
S0 + holiday lag at 72,0.16,11.3,0.84,0.58,0.33,1.3,0.0044,1.65,0.65,60.0,73.1,76.9,5.0,4.8,4.8,-6.84,0.54,0.246,0.01,1.0,1.0
S0 + holiday lag at 72,0.2,11.3,0.73,0.54,0.4,1.2,0.0068,2.23,0.59,59.8,73.2,77.2,5.3,5.1,5.0,-6.83,0.51,0.344,0.09,0.994,0.94
S0 + holiday lag at 72,0.25,14.1,0.74,0.3,0.36,2.7,0.0081,1.78,0.56,60.0,73.1,77.2,5.4,5.3,5.2,-6.83,0.5,0.449,0.39,0.926,0.811
S0 + holiday lag at 72,0.3,16.3,0.7,0.34,0.66,2.9,0.0046,1.68,0.52,60.1,73.0,77.0,5.5,5.4,5.3,-6.86,0.51,0.576,0.7,0.662,0.522
S0 + holiday lag at 72,0.35,18.5,0.62,0.47,1.25,4.1,0.0077,2.7,0.43,59.6,73.0,77.1,5.6,5.5,5.5,-6.89,0.51,0.817,0.96,0.142,0.111
V3 calls to wk156 + real-world 50%,0.12,9.7,0.85,0.62,0.31,1.3,0.0034,1.72,0.67,60.0,73.6,76.8,5.0,4.7,4.6,-7.19,0.57,0.207,0.0,1.0,1.0
V3 calls to wk156 + real-world 50%,0.16,10.7,0.8,0.65,0.36,1.3,0.0056,1.43,0.64,60.1,73.6,77.1,5.1,4.9,4.8,-7.1,0.54,0.261,0.01,1.0,1.0
V3 calls to wk156 + real-world 50%,0.2,12.7,0.81,0.44,0.33,2.7,0.0046,1.45,0.6,59.8,73.4,77.0,5.3,5.1,5.0,-7.07,0.52,0.349,0.14,0.993,0.945
V3 calls to wk156 + real-world 50%,0.25,13.5,0.71,0.34,0.39,3.5,0.0064,1.81,0.54,60.1,73.3,76.8,5.5,5.3,5.3,-7.15,0.54,0.484,0.53,0.87,0.755
V3 calls to wk156 + real-world 50%,0.3,16.0,0.68,0.29,0.61,3.3,0.0062,1.59,0.49,59.8,73.2,76.8,5.5,5.4,5.3,-7.09,0.53,0.612,0.76,0.568,0.436
V3 calls to wk156 + real-world 50%,0.35,18.0,0.6,0.14,0.8,3.9,0.0087,1.96,0.43,59.8,73.2,76.7,5.6,5.5,5.4,-7.16,0.55,0.814,0.95,0.139,0.099
V3 + holiday lag at 72,0.12,10.1,0.88,0.59,0.3,1.5,0.0023,1.51,0.68,60.2,73.5,76.6,4.9,4.7,4.6,-7.21,0.6,0.2,0.0,1.0,1.0
V3 + holiday lag at 72,0.16,10.6,0.8,0.57,0.36,1.2,0.0043,1.42,0.64,60.3,73.5,76.9,5.1,4.9,4.8,-7.12,0.55,0.26,0.01,1.0,1.0
V3 + holiday lag at 72,0.2,11.9,0.76,0.57,0.41,1.6,0.0059,1.41,0.6,59.9,73.3,76.8,5.2,5.1,5.0,-7.09,0.54,0.336,0.08,0.997,0.962
V3 + holiday lag at 72,0.25,13.4,0.7,0.64,0.48,5.3,0.0061,2.59,0.52,59.9,73.2,76.6,5.5,5.4,5.3,-7.16,0.55,0.521,0.71,0.782,0.695
V3 + holiday lag at 72,0.3,16.5,0.71,0.48,0.61,4.2,0.0088,1.41,0.5,59.8,73.2,76.9,5.5,5.5,5.4,-7.04,0.53,0.603,0.75,0.595,0.463
V3 + holiday lag at 72,0.35,18.2,0.61,0.08,0.78,5.3,0.0045,2.03,0.43,59.9,73.2,76.7,5.6,5.5,5.5,-7.15,0.54,0.824,0.96,0.127,0.095
