run,tau,w_ia,expected counts,rmse,P(IA continue) particles,P(eff stop),P(fut stop),BAT 3y OS,BAT median,GPS 3y OS,GPS median,HR (all trials),HR (given counts & IA),P(success | counts & IA),P(success all),ESS
A_tau1_softIA,1.0,1.0,"[np.float64(58.5), np.float64(73.3), np.float64(78.2)]",1.4,0.45,0.055,0.494,"0.324 [0.28, 0.362]","18.4 [15.9, 20.9]","0.439 [0.397, 0.484]","26.3 [21.5, 32.9]","0.79 [0.514, 1.2]","0.688 [0.524, 0.885]",0.328,0.204,6551
B_tau1_noIA,1.0,0.0,"[np.float64(58.5), np.float64(73.3), np.float64(78.0)]",1.39,0.42,0.051,0.526,"0.321 [0.283, 0.365]","18.1 [16, 20.9]","0.441 [0.392, 0.491]","26.3 [21.4, 33.9]","0.794 [0.514, 1.22]","0.677 [0.514, 0.874]",0.361,0.205,6223
C_tau2_softIA,2.0,1.0,"[np.float64(57.1), np.float64(73.8), np.float64(78.7)]",2.42,0.46,0.056,0.489,"0.315 [0.269, 0.361]","18.5 [16, 21.6]","0.436 [0.389, 0.488]","26.4 [21.7, 33.4]","0.785 [0.507, 1.2]","0.681 [0.513, 0.889]",0.346,0.216,5056
D_tau05_softIA,0.5,1.0,"[np.float64(59.4), np.float64(72.7), np.float64(77.8)]",0.71,0.47,0.044,0.489,"0.329 [0.281, 0.358]","17.8 [15.8, 19.8]","0.441 [0.408, 0.484]","25.4 [21.6, 32.7]","0.783 [0.516, 1.17]","0.683 [0.518, 0.877]",0.336,0.204,7611
E_strongGPS_softIA,1.0,1.0,"[np.float64(58.6), np.float64(73.2), np.float64(77.8)]",1.33,0.5,0.1,0.395,"0.304 [0.259, 0.343]","17.4 [15.2, 19.6]","0.463 [0.423, 0.502]","29 [23.1, 36.3]","0.703 [0.456, 1.07]","0.643 [0.5, 0.826]",0.482,0.353,7356
F_wideGPS_softIA,1.0,1.0,"[np.float64(58.7), np.float64(73.3), np.float64(77.8)]",1.33,0.54,0.108,0.35,"0.303 [0.26, 0.342]","17.1 [14.8, 19.4]","0.465 [0.423, 0.507]","29.2 [23.7, 37.5]","0.693 [0.445, 1.05]","0.645 [0.489, 0.831]",0.473,0.375,8110
G_strongGPS_resp80,1.0,1.0,"[np.float64(58.7), np.float64(73.2), np.float64(77.8)]",1.32,0.55,0.138,0.309,"0.294 [0.254, 0.33]","16.7 [14.7, 18.8]","0.474 [0.43, 0.518]","30.7 [24.4, 40.2]","0.658 [0.426, 0.998]","0.629 [0.485, 0.816]",0.533,0.452,8370
Z0_lag0,1.0,1.0,"[np.float64(58.8), np.float64(73.9), np.float64(77.3)]",1.55,0.48,0.058,0.465,"0.335 [0.289, 0.382]","19.2 [16.9, 22.3]","0.465 [0.422, 0.509]","29.7 [23.9, 38]","0.76 [0.489, 1.17]","0.668 [0.507, 0.87]",0.386,0.251,6813
Z1_lag0_strongGPS,1.0,1.0,"[np.float64(59.0), np.float64(73.9), np.float64(77.2)]",1.52,0.54,0.138,0.324,"0.308 [0.262, 0.353]","17.9 [15.5, 20.5]","0.49 [0.442, 0.536]","34.1 [25.8, 46.2]","0.661 [0.417, 1.04]","0.619 [0.468, 0.805]",0.562,0.441,7475
Z2_lagBAT120d,1.0,1.0,"[np.float64(57.7), np.float64(74.2), np.float64(77.8)]",1.99,0.47,0.05,0.484,"0.317 [0.286, 0.359]","17.3 [15.6, 20.2]","0.449 [0.408, 0.488]","26.8 [21.8, 33.3]","0.768 [0.503, 1.17]","0.666 [0.512, 0.85]",0.392,0.234,5350
