param,meaning,"prior median [5,95]",calibrated posterior,after trial-level conditioning (counts+IA),shift (prior SDs)
Mr,"median relapse-free time, reference pt (mo)","3.03 [1.84, 4.49]","3.75 [2.59, 4.87]","3.77 [2.61, 4.81]",0.89
kr,relapse hazard shape,"0.859 [0.581, 1.18]","0.545 [0.503, 0.654]","0.55 [0.504, 0.664]",-1.74
c_b,never-relapse fraction,"0.0611 [0.0171, 0.11]","0.0765 [0.0271, 0.124]","0.0772 [0.0309, 0.125]",0.55
b_long,log HR long CR1,"-0.598 [-1.02, -0.19]","-0.632 [-1.04, -0.229]","-0.638 [-0.983, -0.228]",-0.14
sig_f,frailty SD,"0.504 [0.209, 0.824]","0.606 [0.322, 0.887]","0.593 [0.326, 0.897]",0.55
m_p,post-relapse median (mo),"5.52 [4.02, 7.11]","4.65 [3.64, 5.9]","4.6 [3.64, 5.71]",-0.93
th_B,"relapse HR, BAT active vs observation","0.752 [0.519, 0.989]","0.73 [0.514, 0.955]","0.741 [0.533, 0.968]",-0.15
p_resp,GPS immune-responder fraction,"0.701 [0.53, 0.859]","0.783 [0.637, 0.915]","0.785 [0.638, 0.912]",0.82
f_dur,fraction of responders with durable (cure-like) effect,"0.544 [0.227, 0.869]","0.874 [0.612, 0.992]","0.885 [0.646, 0.993]",1.69
lL,log onset delay (median mo = exp),"2.98 [1.82, 4.96]","2.72 [1.75, 4.12]","2.66 [1.7, 3.89]",-0.3
gamma,enrollment shape,"2.12 [1.47, 2.73]","1.74 [1.42, 2.59]","1.72 [1.42, 2.54]",-1.0
z_b,interim efficacy z bound,"2.42 [2.23, 2.65]","2.4 [2.24, 2.63]","2.4 [2.23, 2.64]",-0.11
h_f,interim futility HR bound,"0.829 [0.75, 0.912]","0.83 [0.749, 0.912]","0.848 [0.753, 0.913]",0.01
