scenario,IA_constraint,ESS,BAT_S36,GPS_S36,HR,P_success
V0 no lag,none (ignore IDMC),1665,"0.231 [0.155,0.315]","0.517 [0.407,0.623]","0.458 [0.247,0.826]",0.806
V0 no lag,no efficacy stop (z>-2.34) [v1],1186,"0.258 [0.186,0.33]","0.485 [0.39,0.587]","0.599 [0.426,0.921]",0.594
V0 no lag,futility pass: IA HR<=1 & no stop,1061,"0.256 [0.186,0.326]","0.489 [0.395,0.588]","0.586 [0.426,0.826]",0.644
V0 no lag,Stochasty: GPS IA deaths < BAT,1587,"0.23 [0.155,0.312]","0.519 [0.411,0.624]","0.455 [0.246,0.769]",0.829
V0 no lag,Thetamancer: IA HR .50-.90 & BAT>=32/60,1023,"0.248 [0.177,0.32]","0.496 [0.403,0.589]","0.549 [0.393,0.759]",0.755
V0 no lag,Grand_Effort: IA HR >= 0.55,1138,"0.258 [0.186,0.33]","0.485 [0.39,0.587]","0.603 [0.427,0.925]",0.582
V3 calls to wk156 + real-world 50%,none (ignore IDMC),2065,"0.231 [0.151,0.314]","0.496 [0.388,0.604]","0.497 [0.275,0.867]",0.763
V3 calls to wk156 + real-world 50%,no efficacy stop (z>-2.34) [v1],1464,"0.25 [0.179,0.326]","0.476 [0.372,0.569]","0.614 [0.444,0.943]",0.564
V3 calls to wk156 + real-world 50%,futility pass: IA HR<=1 & no stop,1272,"0.248 [0.177,0.321]","0.479 [0.379,0.572]","0.598 [0.44,0.838]",0.621
V3 calls to wk156 + real-world 50%,Stochasty: GPS IA deaths < BAT,1945,"0.229 [0.151,0.31]","0.498 [0.393,0.605]","0.488 [0.272,0.801]",0.791
V3 calls to wk156 + real-world 50%,Thetamancer: IA HR .50-.90 & BAT>=32/60,1343,"0.243 [0.171,0.315]","0.483 [0.387,0.578]","0.558 [0.408,0.782]",0.73
V3 calls to wk156 + real-world 50%,Grand_Effort: IA HR >= 0.55,1446,"0.25 [0.18,0.326]","0.476 [0.372,0.569]","0.618 [0.446,0.944]",0.557
"TL3 two-stage (lit-compatible), calls+real-world",none (ignore IDMC),250,"0.193 [0.135,0.26]","0.47 [0.346,0.566]","0.484 [0.281,0.884]",0.762
"TL3 two-stage (lit-compatible), calls+real-world",no efficacy stop (z>-2.34) [v1],131,"0.205 [0.16,0.27]","0.436 [0.295,0.524]","0.626 [0.446,0.945]",0.528
"TL3 two-stage (lit-compatible), calls+real-world",futility pass: IA HR<=1 & no stop,113,"0.204 [0.157,0.266]","0.44 [0.295,0.526]","0.608 [0.446,0.912]",0.578
"TL3 two-stage (lit-compatible), calls+real-world",Stochasty: GPS IA deaths < BAT,235,"0.192 [0.134,0.258]","0.473 [0.355,0.567]","0.478 [0.279,0.753]",0.792
"TL3 two-stage (lit-compatible), calls+real-world",Thetamancer: IA HR .50-.90 & BAT>=32/60,142,"0.205 [0.152,0.262]","0.45 [0.355,0.536]","0.562 [0.431,0.734]",0.712
"TL3 two-stage (lit-compatible), calls+real-world",Grand_Effort: IA HR >= 0.55,129,"0.205 [0.16,0.27]","0.436 [0.295,0.524]","0.627 [0.446,0.945]",0.525
