scenario,BAT 3y OS bin,posterior mass (flat prior),ESS,BAT median,GPS S36,BAT alive@Q2,GPS alive@Q2,HR final,P(success),P(success) reported-only
S0 no lag,0.03-0.10,0.0,n/a,,,,,,,
S0 no lag,0.10-0.15,0.0008345953214061975,n/a,,,,,,,
S0 no lag,0.15-0.20,0.016,70,13.2,0.515,15,33,0.487,0.884,0.884
S0 no lag,0.20-0.25,0.099,454,13.3,0.498,17,32,0.561,0.714,0.714
S0 no lag,0.25-0.30,0.287,1399,14.6,0.495,18,31,0.624,0.535,0.535
S0 no lag,0.30-0.35,0.39,1890,16.2,0.483,20,29,0.706,0.327,0.327
S0 no lag,0.35-0.45,0.208,1087,17.7,0.482,21,28,0.784,0.181,0.181
S3 protocol + real-world (50%),0.03-0.10,0.0,n/a,,,,,,,
S3 protocol + real-world (50%),0.10-0.15,0.0011614794552149627,n/a,,,,,,,
S3 protocol + real-world (50%),0.15-0.20,0.023,115,11.6,0.484,15,32,0.52,0.935,0.883
S3 protocol + real-world (50%),0.20-0.25,0.128,681,12.8,0.485,16,31,0.578,0.728,0.695
S3 protocol + real-world (50%),0.25-0.30,0.298,1564,13.8,0.48,18,29,0.646,0.471,0.448
S3 protocol + real-world (50%),0.30-0.35,0.359,2052,15.5,0.473,19,28,0.719,0.293,0.276
S3 protocol + real-world (50%),0.35-0.45,0.191,1158,17.5,0.473,21,27,0.815,0.141,0.137
S6 S3 + 10% BAT silent deaths,0.03-0.10,0.0008096889960402974,n/a,,,,,,,
S6 S3 + 10% BAT silent deaths,0.10-0.15,0.007,40,12.1,0.488,12,31,0.52,0.894,0.862
S6 S3 + 10% BAT silent deaths,0.15-0.20,0.053,334,12.4,0.467,13,30,0.557,0.765,0.736
S6 S3 + 10% BAT silent deaths,0.20-0.25,0.172,969,13.4,0.472,15,30,0.604,0.596,0.57
S6 S3 + 10% BAT silent deaths,0.25-0.30,0.319,1780,14.2,0.47,17,28,0.681,0.384,0.369
S6 S3 + 10% BAT silent deaths,0.30-0.35,0.316,1867,15.8,0.465,19,27,0.755,0.219,0.223
S6 S3 + 10% BAT silent deaths,0.35-0.45,0.132,783,17.5,0.466,21,26,0.835,0.132,0.133
