bat_median_months,bat_os_36m,bat_median_variance,bat_os_36m_variance,bat_locked,weibull_shape,scenario,bat_pipeline_delay_median_months,gps_pipeline_delay_median_months,enrollment_family,enrollment_midpoint_trial_month,enrollment_steepness_per_month,simulations,effective_samples_fit,p_interim_no_efficacy_stop,p_success_overall,gps_os_36m_weighted,hr_at_80th_weighted,p_success_at_80th_given_interim_continuation,gps_c_durable_fraction_p10,gps_c_durable_fraction_p50,gps_c_durable_fraction_p90,gps_theta_non_durable_HR_p10,gps_theta_non_durable_HR_p50,gps_theta_non_durable_HR_p90,gps_onset_months_p10,gps_onset_months_p50,gps_onset_months_p90,gps_durable_leak_p10,gps_durable_leak_p50,gps_durable_leak_p90,gps_os_36m_p10,gps_os_36m_p50,gps_os_36m_p90,cox_hr_at_80th_given_continuation_p10,cox_hr_at_80th_given_continuation_p50,cox_hr_at_80th_given_continuation_p90
8.0,0.1,0.0,0.0,False,0.7981938751308798,S3 protocol + real-world (50%),0.75,0.25,truncated_logistic_early_plus_uniform_backfill,31.0,0.22,1000000,207.70330100781644,0.036697849946509695,1.0,0.5295204347480573,0.4406306265576163,1.0,0.40929006099781745,0.5700476308434798,0.6312242035849178,0.3156440557449665,0.39605747610619624,0.6500067397610511,1.168106687668116,1.7626487848765124,3.408722452647786,0.002255617844276059,0.0037579825899414832,0.006647492734551939,0.4537797084699801,0.5311058069285394,0.6014726806208042,0.3559094351893855,0.45111214203654504,0.5255387764778464
8.0,0.18,0.0,0.0,False,0.6022352716642081,S3 protocol + real-world (50%),0.75,0.25,truncated_logistic_early_plus_uniform_backfill,31.0,0.22,1000000,1603.0560626304916,0.44256839355014477,0.9106824567711227,0.4803870866594618,0.5599670399581489,0.7981836377595789,0.2098356308016807,0.49624869277624845,0.6244010597224722,0.3201190583676853,0.443599452122542,0.786411553639587,1.1965267977199967,2.19067042767347,4.5911512821013565,0.0025181832550287687,0.004770566774813771,0.007874414932366866,0.4015292971119404,0.4816398661062241,0.5553055845051854,0.4373307195346566,0.5430544376016835,0.7054537423488777
8.0,0.27,0.0,0.0,False,0.42287119903091025,S3 protocol + real-world (50%),0.75,0.25,truncated_logistic_early_plus_uniform_backfill,31.0,0.22,1000000,3137.1465605984977,0.8643915587075353,0.4197189570365896,0.435821683107121,0.7216215676707306,0.328682658781323,0.10074380711567127,0.3793803785308007,0.6000294895277283,0.3592602980705599,0.5885605272587279,0.8901036202348204,1.3219999524300234,3.028298213461698,6.479628462290663,0.0027032917986091966,0.005553271469076992,0.00828843141718036,0.3678440152730756,0.43501240784107464,0.5065150024299094,0.538195153807029,0.6935575302571199,0.9446072616862098
12.5,0.1,0.0,0.0,False,1.1349559288561706,S3 protocol + real-world (50%),0.75,0.25,truncated_logistic_early_plus_uniform_backfill,31.0,0.22,1000000,134.82557530040495,0.08416064755497557,0.993406421394038,0.5441692588294292,0.44301457160366015,0.9216548494157568,0.42029941581577906,0.5772062698830278,0.6417247275871734,0.32054299513589807,0.447052850435112,0.7124739633057373,1.4730743008845146,3.547401364952815,6.43731948926187,0.002407400800838751,0.0043242573761617265,0.006859788544309478,0.4637944099913096,0.5428060958080794,0.6175849956901936,0.3803715752463982,0.41112895463908095,0.5071043074654177
12.5,0.18,0.0,0.0,False,0.8563213943849474,S3 protocol + real-world (50%),0.75,0.25,truncated_logistic_early_plus_uniform_backfill,31.0,0.22,1000000,2554.037933698232,0.41604935150112526,0.9348322398542185,0.5071370400066914,0.534634704461253,0.8433653125268595,0.2218485250180878,0.5000844419394436,0.6250679306224088,0.325166462273418,0.4702208240027306,0.8200045891617816,1.714482494487847,4.095944067478027,6.939787137465302,0.002495275958920516,0.004655486802763507,0.007881885666043443,0.4367746309345093,0.505733398284607,0.5803657709007123,0.41842733674905624,0.5170493323865495,0.6674235112422344
12.5,0.27,0.0,0.0,False,0.6012827076679254,S3 protocol + real-world (50%),0.75,0.25,truncated_logistic_early_plus_uniform_backfill,31.0,0.22,1000000,12471.462294734638,0.818288754521169,0.5383809744430927,0.4697921637508048,0.6834235012279389,0.4358727001851213,0.09086527393575042,0.37600935287941895,0.5952484150068102,0.36142033283706515,0.589254448133256,0.8926686802772277,1.74361226765337,4.293473851265602,7.121470934567014,0.0026776117063270497,0.005449700945628601,0.008266747689493193,0.3966772044575431,0.469589961845341,0.5420632209890465,0.5088723997014595,0.6576727932497762,0.8918378301308549
16.0,0.1,0.0,0.0,False,1.480454596242786,S3 protocol + real-world (50%),0.75,0.25,truncated_logistic_early_plus_uniform_backfill,31.0,0.22,1000000,5.440401175334384,0.00725769791968575,1.0,0.5548824379777454,0.45548535738008206,1.0,0.507036013454754,0.6073373489723473,0.6132627851658012,0.38219118559491067,0.670952586161337,0.8708476430494948,1.1057641381684766,3.380437529583175,7.019446176027689,0.002062035863418758,0.0046782123127286634,0.006472373960083264,0.507331905024238,0.5436914140726085,0.6144628593313652,0.38241733354875923,0.4288632614083648,0.46826786892914746
16.0,0.18,0.0,0.0,False,1.1169992701442455,S3 protocol + real-world (50%),0.75,0.25,truncated_logistic_early_plus_uniform_backfill,31.0,0.22,1000000,221.41392549764436,0.3905011131243994,0.9659667911092036,0.5264023584389488,0.5127294357081079,0.9128473447399501,0.24154109349362476,0.5021850625863297,0.6217199326825378,0.3269320557482932,0.4910707684724811,0.8517869371883323,2.671087891624607,5.794337545617349,7.495666058081856,0.0025456670270613373,0.004573145418403462,0.007857236309007904,0.46219294593049,0.5274343521198115,0.5906031151260898,0.4117715007940239,0.5002607115387333,0.6334568652208813
16.0,0.27,0.0,0.0,False,0.784322743796245,S3 protocol + real-world (50%),0.75,0.25,truncated_logistic_early_plus_uniform_backfill,31.0,0.22,1000000,5360.094999311487,0.7892861496307702,0.6116674314220042,0.4935120422391185,0.6588170908507847,0.5079952071125803,0.10185861476277065,0.37723335871964414,0.5953542390663419,0.36260687234947087,0.5946956455640451,0.9026769353325822,2.3576551382253133,5.463426741475051,7.535253172109276,0.002727914331181146,0.005422136317180355,0.008245141032774104,0.41593527312186884,0.49674736357279736,0.5644514926468593,0.49343154552815993,0.6339627596943195,0.8545310199440778
