variant,d0_relapse_to_CR2,d1_CR2_to_rand,phi_age,weibull_k,surv_to_rand,S12,S24,S36,median_from_rand
point (S36 18.6%),1.5,0,1.0,0.79,1.0,0.494,0.295,0.186,11.7
point (S36 18.6%),1.5,0,1.2,0.79,1.0,0.429,0.231,0.133,9.3
point (S36 18.6%),1.5,2,1.0,0.79,0.843,0.535,0.323,0.205,13.5
point (S36 18.6%),1.5,2,1.2,0.79,0.815,0.472,0.258,0.149,10.9
point (S36 18.6%),1.5,4,1.0,0.79,0.744,0.554,0.338,0.216,14.4
point (S36 18.6%),1.5,4,1.2,0.79,0.701,0.492,0.272,0.159,11.7
point (S36 18.6%),2.5,0,1.0,0.75,1.0,0.47,0.282,0.18,10.7
point (S36 18.6%),2.5,0,1.2,0.75,1.0,0.404,0.219,0.128,8.4
point (S36 18.6%),2.5,2,1.0,0.75,0.82,0.523,0.318,0.205,13.0
point (S36 18.6%),2.5,2,1.2,0.75,0.788,0.459,0.253,0.149,10.5
point (S36 18.6%),2.5,4,1.0,0.75,0.717,0.547,0.337,0.219,14.1
point (S36 18.6%),2.5,4,1.2,0.75,0.671,0.485,0.271,0.161,11.4
S36 low (10.7%),1.5,0,1.0,1.0,1.0,0.499,0.248,0.123,12.0
S36 low (10.7%),1.5,0,1.2,1.0,1.0,0.434,0.188,0.081,10.0
S36 low (10.7%),1.5,2,1.0,1.0,0.891,0.498,0.248,0.123,11.9
S36 low (10.7%),1.5,2,1.2,1.0,0.871,0.434,0.188,0.081,10.0
S36 low (10.7%),1.5,4,1.0,1.0,0.794,0.498,0.248,0.123,11.9
S36 low (10.7%),1.5,4,1.2,1.0,0.758,0.433,0.187,0.081,10.0
S36 low (10.7%),2.5,0,1.0,0.94,1.0,0.469,0.233,0.118,10.9
S36 low (10.7%),2.5,0,1.2,0.94,1.0,0.403,0.174,0.077,9.0
S36 low (10.7%),2.5,2,1.0,0.94,0.87,0.479,0.239,0.122,11.3
S36 low (10.7%),2.5,2,1.2,0.94,0.846,0.413,0.179,0.08,9.3
S36 low (10.7%),2.5,4,1.0,0.94,0.764,0.484,0.243,0.124,11.5
S36 low (10.7%),2.5,4,1.2,0.94,0.724,0.419,0.183,0.081,9.5
S36 high (32.2%),1.5,0,1.0,0.5,1.0,0.487,0.362,0.288,11.1
S36 high (32.2%),1.5,0,1.2,0.5,1.0,0.422,0.295,0.225,7.7
S36 high (32.2%),1.5,2,1.0,0.5,0.745,0.617,0.466,0.374,20.6
S36 high (32.2%),1.5,2,1.2,0.5,0.702,0.56,0.4,0.307,15.6
S36 high (32.2%),1.5,4,1.0,0.5,0.66,0.661,0.506,0.408,24.6
S36 high (32.2%),1.5,4,1.2,0.5,0.607,0.608,0.441,0.341,18.9
S36 high (32.2%),2.5,0,1.0,0.47,1.0,0.472,0.353,0.284,10.2
S36 high (32.2%),2.5,0,1.2,0.47,1.0,0.407,0.287,0.221,6.9
S36 high (32.2%),2.5,2,1.0,0.47,0.725,0.616,0.469,0.379,20.8
S36 high (32.2%),2.5,2,1.2,0.47,0.679,0.559,0.403,0.312,15.7
S36 high (32.2%),2.5,4,1.0,0.47,0.64,0.662,0.511,0.416,25.2
S36 high (32.2%),2.5,4,1.2,0.47,0.585,0.61,0.447,0.349,19.2
